id,name,email,address,phone_number,date_of_birth
1,Janet Garcia,ssmith@example.org,"4029 Jose Ferry Suite 300
South Kristi, MH 40576",+1-288-900-0512x78889,1943-03-12
2,Jay White,lkemp@example.com,"64555 Dennis Key Suite 552
East Josephberg, OH 98796",+1-662-554-4225x070,1934-10-09
3,Erik Brady,michael13@example.net,"00298 Patton Inlet Suite 564
Lake Scott, PA 59977",8696803708,1990-02-07
4,Melissa Riley,david38@example.com,"4113 Lisa Ville
New Geraldland, CT 59935",+1-853-644-8994x09790,2018-07-30
5,Todd Holt,xsullivan@example.net,"48742 Williams Lakes Suite 089
Juliefurt, TN 67462",(954)298-6387,1964-03-10
6,Amy Ellis,ccarr@example.net,"1345 Jennifer Rest
Sanchezberg, AZ 29821",791-667-1022x974,1942-08-26
7,Joseph Frey,marquezmonica@example.org,"32745 Sean Walk Suite 342
Villarrealchester, SD 28498",(587)681-3404x1983,1910-02-24
8,Amy Walker,lawrence99@example.net,"41956 Bowman Greens
Jenniferbury, DE 81997",001-889-687-1105x2891,1945-12-27
9,Ruth Terry,wolferebecca@example.net,"1957 Heidi Square
Gonzalezchester, KY 15612",4148930353,2022-05-12
10,Jaime Williams,adrianaberry@example.org,"133 Gary Way Apt. 170
West Rebeccaborough, ME 85226",(216)264-8990x65483,2022-01-12
11,Brandon Anderson,jose19@example.org,"USNV Torres
FPO AE 80322",228-744-9852x86443,1941-12-19
12,Jennifer Clark,gpaul@example.net,"1191 Samantha Fall
Sanderstown, AK 01154",(671)318-2174x4573,1948-11-07
13,Alexis Mcconnell,tammiesnyder@example.org,"3666 Houston Road
Griffinmouth, NC 43228",001-392-616-0473,1908-12-28
14,Jessica Odom,louiswilliams@example.org,"8053 Frazier Drives Suite 902
West Jennifer, WA 47476",555.271.7305,1953-06-16
15,Terry Chung,hayesamanda@example.org,"211 Christopher Oval Apt. 367
Davilafort, MP 50991",5792549149,1940-10-18
16,Matthew Jordan,washingtonandrew@example.com,"6549 David Via
North Thomastown, IL 19729",001-623-386-0035,1942-11-28
17,Heather Vasquez,martinsarah@example.net,"15889 Alvarez Island Suite 018
Lake Jennifer, NC 53538",423.517.0330x03756,1915-05-18
18,Linda Snyder,solomonjennifer@example.org,"998 Oconnor Lane
South Lindsay, AR 42644",778.825.2995x220,1936-01-02
19,Sandy Brown,ryan67@example.com,"469 Kayla Glen
South Ryan, UT 43171",+1-408-632-9163,1957-12-31
20,Katherine Mcintosh,bryangarrison@example.com,"32900 Smith Shoals Suite 744
Gonzalezfurt, AR 35830",3362328948,1939-06-17
21,Laura Griffin,cwells@example.com,"7773 Velazquez Estates Apt. 959
East Robert, SC 42146",001-564-589-3712x54867,1910-12-15
22,Justin Mcdonald,kayla84@example.org,"86158 Wilson Ports
North Amy, OR 65115",703.839.9325x17495,1910-04-15
23,Kayla Campbell,nealadam@example.org,"320 Bell Parkways Suite 712
South Micheal, AS 31101",(339)317-9523x821,1980-03-23
24,Jason Stephens,allenjohnathan@example.net,"36869 Danielle Port Apt. 712
Jamesberg, ND 90121",809-268-5402,1997-11-26
25,Nicole Bailey,ewilliams@example.com,"224 Susan Harbor
South Kathleen, SD 57734",001-936-815-1918x4751,1963-02-17
26,Valerie Marquez,mhunter@example.net,"00028 Gregory Tunnel Suite 056
New Jonathan, HI 93036",+1-299-247-3040x0931,1959-03-16
27,Rick Williams,kevinscott@example.com,"54907 Christopher Harbor
Port Angela, MO 14988",+1-381-255-0437x31048,1960-08-25
28,Jacqueline Long,santiagojay@example.org,"51603 Alison Cliff
Smithmouth, CO 37407",559-407-8380,1941-12-22
29,Barbara Barron,lawrence40@example.com,"3952 Daniels Field Apt. 764
Hendersonville, KY 54656",280.648.8277x523,1983-10-18
30,Amber Hines,michaelcole@example.com,"940 Jackson Locks Apt. 164
Allenhaven, MT 74945",285-497-8687,1952-03-01
31,Alice Collins,glarson@example.com,"9694 Katelyn Crest Apt. 843
West Chloe, NE 79813",(631)466-9476,1929-11-03
32,Erin Lawrence,melissaflores@example.org,"86666 Long Greens Suite 850
Johnhaven, CA 20338",001-538-302-9217x20110,1939-07-10
33,Barbara Marshall,pray@example.org,"395 Beasley Loop
South Patrick, MH 88741",648-963-5897x33902,1994-03-01
34,Christopher Salazar,jacksonroy@example.org,"7212 Theodore Centers Suite 031
Brittanymouth, OH 51760",(996)339-1568,1918-12-29
35,Leroy Osborne,pshaw@example.com,"18655 Shelby Square Suite 445
Mcguireburgh, IN 91418",741-219-4528x761,1986-09-04
36,Shannon Medina,linda04@example.com,"PSC 5253, Box 2196
APO AE 64800",317-804-4121,2000-11-17
37,Alejandro Lane,brussell@example.net,"9483 Kevin Curve Apt. 195
Torresmouth, AS 30284",961-234-6247x052,1932-06-01
38,Clayton Hunt,samantha79@example.com,"Unit 5001 Box 7065
DPO AP 24233",688.871.7400,2017-01-30
39,Elizabeth Beltran,robleseric@example.org,"91222 Linda Glen
Lake Billy, VI 38356",(837)286-5718x43909,1964-02-16
40,Troy Howell,troy83@example.net,"6377 Gutierrez Station Apt. 354
Port Alexa, IL 96237",+1-268-302-9205x8468,1929-12-14
41,Derek Lee,mariafox@example.org,"4555 Katherine Underpass
North Mariaview, DE 92959",4476109080,1910-07-31
42,Lawrence Johnson,kingmadeline@example.net,"Unit 2651 Box 6754
DPO AA 16161",477.573.2994x7443,1983-08-24
43,Jennifer Flynn,shari74@example.org,"3707 Clements Branch
New Maria, ME 70362",+1-929-348-3938x91388,2012-06-25
44,Laura Welch,alexandrasmith@example.org,"97547 Zachary Hills
Tylerfort, OR 91719",+1-445-917-3034x15476,1936-03-15
45,Jessica Sanford,karljordan@example.com,"6916 Shields Drives Suite 684
Herringmouth, NV 79066",001-405-607-8627x46350,1990-11-14
46,Vickie Matthews,james08@example.com,"0480 Evans Springs Suite 140
North Pamview, WI 65451",488-733-6798x42433,1986-12-23
47,Kevin Garrett,melissabradley@example.net,"9220 Beth Track
Sierraburgh, GA 33193",284.958.6775x17624,1969-10-16
48,Katherine Thomas MD,rmacdonald@example.com,"6608 Vincent Circles Apt. 103
Port Barbara, RI 34326",738-760-4858,2023-03-19
49,Gail Freeman,patriciabates@example.net,"12116 Smith Mountain Suite 774
Hernandezview, HI 82529",668-232-2075x47811,1964-08-08
50,Jessica Davenport,tprice@example.org,"6274 Brian Mall Suite 818
Hensonmouth, WV 06237",001-763-869-4892,2024-05-10
51,Robert Leonard,marcofrancis@example.org,"294 Winters River
Anthonytown, NV 73764",+1-567-240-0624,1964-04-19
52,Jennifer Brown,schmittjudy@example.net,"3720 Nicholas Mission Suite 851
Lake Melaniefort, OK 30214",001-835-977-3852x07954,1919-04-21
53,Edward Thomas,steven29@example.com,"Unit 4594 Box 1296
DPO AP 84060",483.458.4693x57935,1944-02-03
54,Kelsey Flores,mwilliams@example.net,"5656 Brandy Locks Suite 533
South Susanport, MS 80770",001-736-802-9647x155,1946-05-12
55,Chelsea Cooper,martinezmichael@example.org,"285 Melanie Mountain Suite 891
Jonesview, ID 57575",001-996-371-2505x7895,2004-11-21
56,Troy Sanders,chungstephanie@example.com,"286 Johnson Island
Joneschester, VT 80357",001-844-712-0678x86682,1959-10-01
57,Thomas Watkins,alexander56@example.net,"315 Michael Stravenue Apt. 385
Josephfurt, ID 69125",+1-931-862-3454,1980-07-23
58,Marcus Smith,richardvalerie@example.com,"683 Donovan Port Suite 654
Port Amanda, ME 35634",(679)693-9921,1948-07-16
59,Sheila Richards,mflynn@example.com,"055 Valencia Mews
North Juliehaven, PA 37227",522.566.5004x7148,1984-06-01
60,Ellen Gay,douglasjohnson@example.net,"8631 Lee Dale Apt. 802
East Nicholas, CT 49134",479-445-0566,1996-02-06
61,Zachary Swanson,leonallen@example.net,"2323 Ryan Plain
Donaldsonfort, KS 89155",+1-414-404-8055,1976-08-03
62,Carol Carlson,christine83@example.org,"712 Mills Mission
Lake Jonathanmouth, WA 11783",+1-234-543-7774x069,1928-02-18
63,Melissa Nguyen,mooreshane@example.org,"2226 Tyler Parkway Suite 612
Meadowschester, OH 66452",(700)949-3450,1957-10-05
64,Michelle Higgins,susan60@example.com,"3357 Gomez Walks
Lake Davidside, WV 23491",785.814.9808,2010-11-15
65,Rebecca Pearson,alvarezcarlos@example.net,"6196 Geoffrey Crescent
North Johnhaven, TN 79391",+1-936-830-9792x1671,1942-10-16
66,John Johnson,pedwards@example.net,"9467 Jones Brooks Apt. 003
West Scottside, UT 06859",547.392.4356x021,1937-12-29
67,Derek Krause,brandonmeyer@example.org,"8860 Emma Street
Micheleton, GA 14221",(720)576-2210x26858,1916-04-19
68,Kyle Scott,brian84@example.com,"07865 Amy Brooks
Lake Kevin, KY 05743",530.599.7946x37274,2001-09-23
69,David Manning,taylormichael@example.net,"9821 Turner Grove
South Alice, AZ 53101",001-804-324-6062x352,2024-08-21
70,Barbara Holmes,pittsbrian@example.net,"20984 Joseph Branch Apt. 569
West Markview, WY 47710",+1-616-596-5874x2870,1980-09-18
71,Ebony Coleman,lawsondanielle@example.com,"312 Abbott Mountains
Hodgesburgh, MN 33503",367-951-4487x38940,2021-07-03
72,Cynthia Young,deleoncharles@example.com,"3514 Jacob Bridge Suite 736
Lake Jamesside, KY 10050",535.662.5244x873,1927-10-04
73,Mark Martin,hayscollin@example.com,"698 Allen Fork Suite 364
Hamptonhaven, GA 79936",919-346-4360x76443,1970-06-22
74,Benjamin Harrison,deborah28@example.net,"5119 Benjamin Forks Apt. 025
Wardland, IN 16201",001-535-832-3376x3987,1928-11-11
75,Joshua Wright,reynoldssteven@example.net,"USNV Bates
FPO AA 87237",001-684-218-9565x409,1963-11-26
76,Heather Friedman,littlerussell@example.org,"Unit 1671 Box 9168
DPO AA 76526",6183823196,1912-10-17
77,Jessica Morris,richardconley@example.com,"USCGC Olson
FPO AE 22594",001-661-829-0045x01121,1931-03-22
78,Aaron White,sherry90@example.net,"48964 Nicole Square
West Joyce, SD 81713",(316)492-2152x3535,2010-08-17
79,Patricia Underwood,keith35@example.org,"97666 Gomez Ramp
New Kelly, AR 05858",+1-623-451-4892x6217,1990-02-11
80,Larry Herrera,andersonkeith@example.org,"2230 Sonya Expressway Suite 786
Staffordchester, OH 31076",621-845-2260x281,2011-10-09
81,Jennifer Bennett,delacruzmichael@example.com,"43270 Ashley Forges
South Tracey, CA 94416",(578)875-7289,1970-03-22
82,Laurie Randolph,nhaley@example.org,"563 Novak Forest
Stevenfurt, MH 36185",+1-508-376-7174x8696,1950-05-15
83,William Foster,srodriguez@example.org,"742 Johnson Green
West David, MS 26881",001-771-477-6195x49391,1956-05-14
84,Sue Allen,cabrerajustin@example.net,"8901 Jason Skyway Apt. 350
Lopezville, TN 70257",527-506-7108,1919-04-25
85,Charles Smith,vsmith@example.net,"488 Little Street Suite 355
West Andrew, KY 21281",410-251-9899x5364,1951-06-02
86,Alice Johnson,jameslee@example.com,"PSC 1676, Box 0530
APO AE 74230",+1-308-863-1123,2017-06-05
87,Henry Cohen,michael34@example.com,"6457 Jason Ville
Youngview, SD 86938",755.941.3036x2047,1961-03-18
88,David Gamble,jeremy03@example.org,"USS Francis
FPO AA 16709",431-951-6042,1991-03-29
89,Edward Clarke,johnsontaylor@example.org,"41069 Brenda Ports
North Cherylburgh, MI 13881",001-528-917-0283x27035,2002-12-15
90,John Kent,jennifermonroe@example.com,"19777 Michael Common
Whitehaven, NC 87637",689.635.2818,1914-06-04
91,Margaret Callahan,norriskelly@example.com,"2023 Ricky Plains Apt. 297
Romeroborough, WY 28401",001-871-381-0577x6285,2015-07-14
92,Amanda Morgan,chelseysharp@example.net,"952 Anthony Station Suite 855
Tiffanyfurt, CA 41975",(345)977-8778x430,2013-10-29
93,Holly Burton,tracyadams@example.com,"882 Anna Cove Apt. 778
Ashleybury, OH 55885",+1-684-960-0990x5979,1947-07-13
94,Amanda Robinson,kennedylisa@example.net,"19589 Green Islands Suite 864
Brendahaven, CA 12378",313-224-0264x44718,1974-07-04
95,Tracy Thompson,nortiz@example.net,"22638 Mary Passage
Meredithberg, MH 58223",(665)449-9719x724,1968-11-08
96,Kevin Hernandez Jr.,dianawilkinson@example.net,"187 Kevin Trafficway Apt. 248
Pereztown, NY 42119",+1-306-914-4658x822,2020-06-23
97,Shannon Moreno,xhenry@example.org,"Unit 4537 Box 3464
DPO AA 97501",474-812-4305x344,1990-09-13
98,Juan Rodriguez,david06@example.com,"8872 Melissa Course Suite 593
Port Peggy, PR 25450",+1-208-455-4138x7284,2012-06-20
99,John Klein,amanda30@example.net,"PSC 9088, Box 5002
APO AP 33766",001-818-902-1981,1993-12-06
100,Gregory Lee,evanskimberly@example.org,"2246 Tucker Shores
Port Tracychester, MS 73839",(461)669-1109x517,1992-01-15
